{"cameraMode":{"drawMode":0,"name":"Shaded","section":"Shading Mode"},"sceneLighting":true,"audioPlay":false,"sceneViewState":{"m_AlwaysRefresh":false,"showFog":true,"showSkybox":true,"showFlares":true,"showImageEffects":true,"showParticleSystems":true,"showVisualEffectGraphs":true,"m_FxEnabled":true},"in2DMode":false,"pivot":{"x":-3.10404109954834,"y":-2.9066271781921388,"z":-13.920454978942871},"rotation":{"x":0.42133569717407229,"y":-0.017137188464403154,"z":0.007963761687278748,"w":0.9067142605781555},"size":5.253787994384766,"orthographic":false}